id;instructor_name;description;address;phone_no;grade;user_id;uuid
1;fright;organic;round unnaturally golden;failing inundate;20867;12248;2a7b0c16-8c73-46cb-b8ba-51c8957babd9
2;walnut;modulo;circa yippee devoted;as;17019;16074;2a7b0c16-8c73-46cb-b8ba-51c8957babd9
3;justify;below aha bitterly;what phew;ugh;31733;15158;2a7b0c16-8c73-46cb-b8ba-51c8957babd9
4;commonly however;lift excluding mysteriously;whenever black-and-white poorly;amidst cuddly utterly;26951;25297;2a7b0c16-8c73-46cb-b8ba-51c8957babd9
5;sans;to amidst;yet finished from;killing modulo;13100;20508;2a7b0c16-8c73-46cb-b8ba-51c8957babd9
6;naughty;careful what lie;electric;huzzah unlike blah;21137;26460;2a7b0c16-8c73-46cb-b8ba-51c8957babd9
7;among planter;whoa;minus eek underneath;dishonest;30990;852;2a7b0c16-8c73-46cb-b8ba-51c8957babd9
8;superior;handmade zowie;whoever;apud fondly swab;2095;30393;2a7b0c16-8c73-46cb-b8ba-51c8957babd9
9;until;amid gah powerful;whenever even;speedily comment out;29112;18760;2a7b0c16-8c73-46cb-b8ba-51c8957babd9
10;easy cotton fair;knowingly polymerize knotty;athwart;well;9889;18100;2a7b0c16-8c73-46cb-b8ba-51c8957babd9
